AAA~577~0~Phòng gia đình, nội thất sang trọng, view thành phố~0.000000~0.000000~0.000000~0.000000~0~ ;
A274~3~0~Phòng tiện nghi đơn giản, gần siêu thị~0.000000~0.000000~0.000000~0.000000~0~ ;
A273~4~0~Phòng có sân thượng, ánh sáng tự nhiên~0.000000~0.000000~0.000000~0.000000~0~ ;
A269~4~0~Phòng rộng, thoáng, có khu vực bếp~0.000000~0.000000~0.000000~0.000000~0~ ;
A268~5~0~Phòng gia đình, nội thất đầy đủ, gần khu thương mại~0.000000~0.000000~0.000000~0.000000~0~ ;
A266~4~0~Phòng rộng, có ban công~0.000000~0.000000~0.000000~0.000000~0~ ;
A264~2~0~Phòng giá rẻ, gần khu trung tâm~0.000000~0.000000~0.000000~0.000000~0~ ;
A263~3~0~Phòng tiện nghi cơ bản, gần nhà ga~34.000000~0.000000~0.000000~0.000000~0~ ;
