A268~5~0~Phòng gia đình, nội thất đầy đủ, gần khu thương mại~0.000000~0.000000~0.000000~0.000000~1~ ;
A269~4~0~Phòng rộng, thoáng, có khu vực bếp~0.000000~2.000000~1111.000000~0.000000~1~ ;
A273~4~0~Phòng có sân thượng, ánh sáng tự nhiên~0.000000~0.000000~11.000000~0.000000~1~ ;
